Normalized_Time,Mean_Force_X_Negative,Std_Force_X_Negative,Mean_Force_Y_Positive,Std_Force_Y_Positive
0.0,-0.00991037288771506,0.017165269363475573,0.0019427788603467472,0.003364991693991327
0.0015479876160990713,-0.00919099698153667,0.0159192737442337,0.0011658855389475474,0.0020193729892669754
0.0030959752321981426,-0.008755786171610009,0.015165466509437526,0.0005369563050099812,0.0009300356017217384
0.0046439628482972135,-0.008604910937521117,0.014904142938391715,9.526628563913309e-05,0.0001650060469753478
0.006191950464396285,-0.008688935259280831,0.015049677332751057,0.0,0.0
0.007739938080495357,-0.008964398542169596,0.015526793734334115,0.0,0.0
0.009287925696594427,-0.009367289803497889,0.01622462186888023,0.00035226155344440595,0.0006101349081188505
0.010835913312693499,-0.009777777968165643,0.016935608225990478,0.0009110997459574024,0.0015780710507613178
0.01238390092879257,-0.010056535259576949,0.017418430017695143,0.0015273001051177473,0.002645361380469225
0.013931888544891642,-0.010110728187684713,0.01751229492258872,0.0021348585252586216,0.0036976834327194985
0.015479876160990714,-0.009912352394359794,0.017168697969558173,0.0025848664449572116,0.004477120013445831
0.017027863777089786,-0.009523323844617971,0.0164948807558105,0.002710694921879,0.004695061328513376
0.018575851393188854,-0.009097001603584782,0.015756468973944393,0.002538013198738963,0.0043959678104962905
0.020123839009287926,-0.008794405850366605,0.015232357755215937,0.00224202841468991,0.003883307126256028
0.021671826625386997,-0.008713152304365144,0.015091622485246273,0.001984650829100917,0.003437516071286485
0.02321981424148607,-0.008870377476423904,0.015363944471480803,0.0018593365918553682,0.003220465445465454
0.02476780185758514,-0.009229240584463023,0.015985513607566636,0.0019152970431672229,0.0033173917903520705
0.026315789473684213,-0.009717529572237713,0.01683125494316878,0.002195170367965354,0.003802146608585661
0.027863777089783284,-0.01022045230680024,0.01770234267171255,0.0027112524230988202,0.004696026948951387
0.029411764705882356,-0.010607021783657123,0.018371900646283995,0.003363135505079913,0.005825121567537227
0.030959752321981428,-0.010790750386420602,0.01869012792107398,0.003980679452728155,0.006894739060770639
0.032507739938080496,-0.010753032140581978,0.01862479800290911,0.004453306306872502,0.007713352785170092
0.03405572755417957,-0.010514033457470475,0.018210840140817933,0.005141908690621135,0.008271693163506611
0.03560371517027864,-0.01013095018086315,0.017547320442204084,0.005693961577661915,0.009226564676726532
0.03715170278637771,-0.009738328015761856,0.016867278904070946,0.007363452706333952,0.010153299569754522
0.03869969040247678,-0.009484300756092015,0.016427290783815288,0.008782085757732086,0.011247530677051648
0.04024767801857585,-0.009423515563418647,0.01632200774175715,0.009235744178407754,0.01200455799926701
0.041795665634674926,-0.00953515645210794,0.016515375433169152,0.010015104436338212,0.012047574362873327
0.043343653250773995,-0.009784373950779695,0.01694703280300386,0.010650098666384732,0.011638829072184626
0.04489164086687307,-0.010109185535714351,0.017509622970997656,0.009928964327412549,0.010587115382715586
0.04643962848297214,-0.01041042431213216,0.01803138383696318,0.00959025632761972,0.009229310416344106
0.04798761609907121,-0.01055761684364092,0.018286328780031037,0.009283435879241056,0.007688687772478288
0.04953560371517028,-0.010382017720375114,0.017982182176770112,0.008797211738612847,0.006330727550773197
0.05108359133126935,-0.009796405211201181,0.016967871557332963,0.008271828650248066,0.005324400370592339
0.052631578947368425,-0.008919917291287428,0.015449749947821981,0.008008753633896101,0.004870061537589985
0.05417956656346749,-0.00798999434573689,0.013839076159004345,0.008305802439828893,0.004961395054916915
0.05572755417956657,-0.007224670298499166,0.012513496024934364,0.00928296279247727,0.005482840757018644
0.05727554179566564,-0.0067568184872188975,0.011703152917383811,0.010927122625858198,0.006472428147068257
0.05882352941176471,-0.006619074967070354,0.011464574142073148,0.013102075991619853,0.008061763384089322
0.06037151702786378,-0.006830491742121135,0.011830758738033458,0.01570342561206679,0.010228501295301647
0.061919504643962855,-0.007419997835271687,0.012851813242741648,0.018651418700138207,0.012657481735543586
0.06346749226006192,-0.008343183574728793,0.014450817848304398,0.02168292284866272,0.014844616778146514
0.06501547987616099,-0.009467048089364745,0.016397408288477605,0.024440505596575436,0.016436571597346825
0.06656346749226007,-0.010612262323559147,0.018380977527653393,0.026712290287369697,0.01738688338236773
0.06811145510835914,-0.011572046439690451,0.0200433723810904,0.02851698684643126,0.017936261557854827
0.0696594427244582,-0.012171704469839888,0.021082010556475888,0.030002739599890228,0.018408125553021806
0.07120743034055728,-0.01237040850286407,0.02142617603734262,0.031302473621952695,0.018955161931693127
0.07275541795665635,-0.012255852424167919,0.021227759088725026,0.03241201573102437,0.019537407688526097
0.07430340557275542,-0.01197330129989988,0.020738366185757074,0.03316322738252447,0.020038999772287062
0.07585139318885449,-0.011675789678298526,0.020223060941301323,0.033430666686889196,0.020378734514770208
0.07739938080495357,-0.011466863158022225,0.0198611895931342,0.033339697961213055,0.020553345291848237
0.07894736842105264,-0.011360937548864256,0.019677721056249917,0.033165181320687784,0.020622144828574326
0.0804953560371517,-0.011296225838629145,0.01956563708627803,0.033165208495385144,0.020737790255489063
0.08204334365325078,-0.011181397312331295,0.019366748244571897,0.03351164637828196,0.021052091933078474
0.08359133126934985,-0.010944162806997513,0.018955846028025317,0.03422046723543911,0.021561162036376112
0.08513931888544893,-0.010574547987964873,0.018315654382230404,0.03525363275049639,0.02215836803734435
0.08668730650154799,-0.010129727971892126,0.0175452035141688,0.03660754237692626,0.022781516770662525
0.08823529411764706,-0.00968343527140964,0.016772201881886016,0.038741541866798346,0.023911200494282112
0.08978328173374614,-0.009286749670416776,0.01608512226633538,0.04079392596884248,0.024257669025953606
0.0913312693498452,-0.008969165222429699,0.01553504986672805,0.04292490244474377,0.02420698495317616
0.09287925696594428,-0.008755323587315275,0.015164665289936262,0.045858768204805375,0.024598892389491096
0.09442724458204335,-0.008669727582878343,0.015016408661326603,0.0491417352974722,0.02510138543406573
0.09597523219814243,-0.008724361156942893,0.015111036787405482,0.05255904131189307,0.025554809460089686
0.09752321981424149,-0.008887833182954174,0.015394178642073241,0.05575419817321364,0.025815846657471078
0.09907120743034056,-0.009069022207359185,0.015708007238116557,0.05825926172456197,0.025964630780106537
0.10061919504643964,-0.00916157481874301,0.01586831306340652,0.05965275108573098,0.026044920023410845
0.1021671826625387,-0.009086644356046017,0.015738529694980685,0.05991915878903001,0.025867902321870567
0.10371517027863777,-0.008809147681936367,0.015257891356491388,0.05947058560389633,0.025238947268497954
0.10526315789473685,-0.008327954431498402,0.014424440198473618,0.05877113788076719,0.02423289128848051
0.10681114551083593,-0.0076458112632484376,0.013242933573028672,0.0579966742949178,0.023128731237340435
0.10835913312693499,-0.006795838581058804,0.011770737702430634,0.05704270223532803,0.022141649505352804
0.10990712074303406,-0.005884585197190594,0.01019240054300183,0.055935321694766116,0.021372318992054717
0.11145510835913314,-0.005037181440081742,0.008724654181164542,0.05489562478895582,0.020812715421088836
0.1130030959752322,-0.0042765757331188195,0.007407246452177914,0.054016040403074866,0.020480559213686668
0.11455108359133127,-0.0035555070824697587,0.006158318913508608,0.053311729383674636,0.020604598528297585
0.11609907120743035,-0.0028914139614788924,0.005008075886995442,0.05295180283778028,0.021262760858337202
0.11764705882352942,-0.002349195102023218,0.004068925273596166,0.05319949750104945,0.022168398305009114
0.11919504643962849,-0.0019830308096979842,0.003434710115371358,0.05422056112609351,0.02291040496086325
0.12074303405572756,-0.001850219667380831,0.003204674469066788,0.056027203530971244,0.023143769286161353
0.12229102167182664,-0.0019720603417410104,0.003415708707487073,0.058376055906969496,0.02269552045836875
0.12383900928792571,-0.002288892110187367,0.00396447742788806,0.060732758535705686,0.02146591801914016
0.12538699690402477,-0.0027223303054322912,0.004715214403993228,0.0624888840742381,0.019499203875181958
0.12693498452012383,-0.0032262751598026176,0.005588072495975532,0.06332711738333391,0.017136779335415457
0.12848297213622292,-0.003764599277378823,0.006520477218557202,0.06334383349379975,0.015029407602548105
0.13003095975232198,-0.00429409932303676,0.007437598200246788,0.06276764915352658,0.014060155504812696
0.13157894736842107,-0.004765918997459794,0.00825481384835809,0.06185668300845593,0.014647258375501414
0.13312693498452013,-0.005118241489064531,0.008865054304466755,0.061005651171055116,0.01604466586346571
0.1346749226006192,-0.005281183021019863,0.009147277316476497,0.06057588843203947,0.016944720318545242
0.13622291021671828,-0.005270554319371636,0.009128867865203276,0.06068320013643311,0.01664292221304492
0.13777089783281735,-0.005234896950569769,0.009067107490774221,0.0610899455260443,0.015378704676397669
0.1393188854489164,-0.005305964065424602,0.009190199344450124,0.0612529955263313,0.01395127384026115
0.1408668730650155,-0.005447626188064305,0.009435565338370144,0.0607996101797892,0.013084412431854747
0.14241486068111456,-0.005535285357045002,0.009587395472793978,0.059822532840800885,0.012838353156533288
0.14396284829721362,-0.005475986432659175,0.009484686722923541,0.05867716994860023,0.012584123464634115
0.1455108359133127,-0.005178802729534696,0.008969949449930476,0.05792210846093582,0.011594482803360253
0.14705882352941177,-0.004514876020639737,0.007819994657622415,0.058104747862034775,0.00961538567966778
0.14860681114551083,-0.003433396602397441,0.005946817357886727,0.05922638263018851,0.006924549216788191
0.15015479876160992,-0.002109244554124022,0.0036533187333307685,0.06069052777135335,0.00417782046390833
0.15170278637770898,-0.0007958002125972207,0.0013783664008925004,0.06180007342462107,0.0023036069224513017
0.15325077399380807,0.0,0.0,0.0621426274477669,0.002193492753751132
0.15479876160990713,0.0,0.0,0.06157438802597057,0.002914734537725854
0.1563467492260062,0.0,0.0,0.060273164353258295,0.004037706828126296
0.15789473684210528,0.0,0.0,0.05875820875632355,0.006161991865060516
0.15944272445820434,0.0,0.0,0.057570459825226364,0.008975673146208845
0.1609907120743034,0.0,0.0,0.05709787989267566,0.011768015454472796
0.1625386996904025,-0.0004899708586148697,0.0008486544213491012,0.05687835903090087,0.013691415808293923
0.16408668730650156,-0.001546584864777889,0.0026787635640123453,0.056785708609929694,0.014716301755788586
0.16563467492260062,-0.0025555081439681483,0.004426269944508874,0.05692889498035894,0.015248060455914444
0.1671826625386997,-0.003429533075306706,0.005940125532669155,0.0565093320270867,0.015037823970467521
0.16873065015479877,-0.004035997995441521,0.006990553587350857,0.05615896691755778,0.014597888949430276
0.17027863777089786,-0.0043052858920504655,0.007456973906140903,0.05594433739046504,0.0136895193662069
0.17182662538699692,-0.004294882113494764,0.007438954033091732,0.056270353010631075,0.012448897707900825
0.17337461300309598,-0.00411608173407571,0.007129262691525338,0.05716529631857683,0.01125116571901979
0.17492260061919507,-0.00390647292252585,0.006766209580206851,0.05811751466344574,0.010396419444198194
0.17647058823529413,-0.003806226998912389,0.006592578547256667,0.05862403954079029,0.009972254578982931
0.1780185758513932,-0.0038673621996642305,0.006698467821089781,0.058718446434406116,0.009902177722703277
0.17956656346749228,-0.0040269020383706024,0.0069747989275605595,0.05874500086888896,0.009902970611016219
0.18111455108359134,-0.004125819024064209,0.007146128172513451,0.05907391502906304,0.009689219069851094
0.1826625386996904,-0.0040068573001960355,0.0069400804226177944,0.06000987084724384,0.009113506492867006
0.1842105263157895,-0.003590592982779927,0.0062190894754751164,0.06154920346675327,0.008161898568345422
0.18575851393188855,-0.002914286641079905,0.00504769253016964,0.06335550751573425,0.007053586752785235
0.1873065015479876,-0.002189089882299699,0.0037916148984780524,0.06507308572827981,0.006199765147492379
0.1888544891640867,-0.0016105517113856986,0.0027895573923370364,0.06631843463757914,0.005816191351650747
0.19040247678018576,-0.0012071284195536518,0.0020908077539272454,0.0667283212006407,0.005861980231640596
0.19195046439628485,-0.0009599003471421322,0.0016625961714531756,0.06633089159190296,0.006291639268701728
0.19349845201238391,-0.000845647981458876,0.0014647052692048372,0.06547337898980762,0.00705049859922375
0.19504643962848298,-0.0007722499707388628,0.0013375761854632893,0.06434987305634363,0.008091746787781637
0.19659442724458207,-0.0006298425888036872,0.0010909193645786987,0.06280624595234324,0.009038867972717024
0.19814241486068113,-0.00038846158716187424,0.000672835205753212,0.06075740261322625,0.009234828828904012
0.1996904024767802,-7.301570129574959e-05,0.000126466904394511,0.05853608449522664,0.00854879569740124
0.20123839009287928,0.0,0.0,0.05664332619607727,0.007335996508987247
0.20278637770897834,0.0,0.0,0.055570263606281645,0.006031292474234958
0.2043343653250774,0.0,0.0,0.05577078680707761,0.005169458211390153
0.2058823529411765,0.0,0.0,0.05733523246213841,0.005220542501608304
0.20743034055727555,0.0,0.0,0.05981063347489751,0.006270944324137299
0.20897832817337464,-8.888312942393966e-05,0.00015395009609798374,0.0625385136333543,0.007805179025955491
0.2105263157894737,-0.00029549842534538716,0.0005118182862548094,0.06505885843396667,0.009149803556537103
0.21207430340557276,-0.0004171976800453012,0.0007226075786383261,0.06716307442776556,0.010084580925537236
0.21362229102167185,-0.0006665461598283872,0.0011544918144126921,0.06874586192775389,0.010816063983020738
0.2151702786377709,-0.0012635634937194504,0.002188556169711326,0.06989439505219383,0.011169140525832153
0.21671826625386997,-0.0021523552395689796,0.0037279886308705557,0.0708596923055981,0.010898894356197845
0.21826625386996906,-0.00304347508813259,0.005271453484215812,0.07177512100214843,0.010200730380201398
0.21981424148606812,-0.003626480911763592,0.006281249191853249,0.07247069309592685,0.009384852741689716
0.22136222910216719,-0.003725337353195888,0.006452473571069441,0.0725731546961122,0.008893995701334477
0.22291021671826627,-0.003383959393097717,0.005861189599595189,0.07197144384178641,0.009061026896384152
0.22445820433436534,-0.002791061181246436,0.004834259772952034,0.07096978512506211,0.009428123881457142
0.2260061919504644,-0.0021623456919395846,0.00374529260196704,0.07008092786002548,0.009463247069457423
0.22755417956656349,-0.0016301308975970618,0.00282346953762597,0.06953325104956087,0.009329182110377619
0.22910216718266255,-0.0012164346584421569,0.0021069266325095095,0.06903634090430699,0.009176660121413719
0.23065015479876164,-0.0009751547457631083,0.001689017564903615,0.06844663185570914,0.008875742512407093
0.2321981424148607,-0.0010978392538165038,0.0016265786415743983,0.06809427594224055,0.008480943074432664
0.23374613003095976,-0.001621557086606524,0.001972922114168432,0.06815705860134003,0.00818123179941235
0.23529411764705885,-0.0020500236860545224,0.002958868348602212,0.06850454933124972,0.0077914735101714105
0.2368421052631579,-0.0027718878846441837,0.004801050649088345,0.06907047228654581,0.006884955477667515
0.23839009287925697,-0.003967808872750325,0.006872446562326156,0.06971371390668404,0.005392388748447765
0.23993808049535606,-0.005057391335762666,0.00875965874729957,0.0701239350452065,0.003781108078560112
0.24148606811145512,-0.005869141760417187,0.01016565172586681,0.07000555178227873,0.003352569741213167
0.24303405572755418,-0.006368535795166612,0.011030627567049634,0.06930143088726885,0.004483993321054058
0.24458204334365327,-0.006640555680122919,0.011501779828462996,0.06824718159254417,0.005779474485417298
0.24613003095975233,-0.006814691820795864,0.011803392471542499,0.06722799812586315,0.006760227844507354
0.24767801857585142,-0.006974259672116826,0.012079772097285002,0.06664556943332442,0.0076836376434660895
0.24922600619195048,-0.007606633861120743,0.012071597830691574,0.06676418712259291,0.008974915125805557
0.25077399380804954,-0.00817137896357876,0.011958858278908215,0.0676683936089296,0.01072409616726677
0.25232198142414863,-0.008221561992234009,0.011700931858547889,0.06915969435704851,0.012544087433309531
0.25386996904024767,-0.007752117365110042,0.011209176911937107,0.07087328750447548,0.013958529421011124
0.25541795665634676,-0.0069302319155530945,0.010545955340070719,0.07264675283243621,0.014843839012613389
0.25696594427244585,-0.005970235685930308,0.009787932130794303,0.07430681303436468,0.015425078229230529
0.25851393188854493,-0.005155055479341321,0.008928818006055501,0.07553938007810325,0.01580911437844224
0.26006191950464397,-0.004642477044576121,0.008041006114178045,0.07623635728974706,0.015744719047967926
0.26160990712074306,-0.00425938674047806,0.007377474243593192,0.0764390242682492,0.014742089747018681
0.26315789473684215,-0.004020225620313167,0.006963235032272511,0.07635064070445022,0.01253706673255045
0.2647058823529412,-0.003939729306883022,0.006823811327589512,0.07638315819992722,0.009530359365269978
0.26625386996904027,-0.00408386636500276,0.007073464035506407,0.07668383952322277,0.006591565074729842
0.26780185758513936,-0.0045377326235930965,0.007859583455226063,0.07713133914198718,0.004594952102594094
0.2693498452012384,-0.005270515581823878,0.009128800769802398,0.07772070893692248,0.003859966216163724
0.2708978328173375,-0.006055445630866097,0.010488339495131054,0.07837652871688788,0.0036872450762805275
0.27244582043343657,-0.006661688549688302,0.011538383032259967,0.07881459424277615,0.0034592875806603585
0.2739938080495356,-0.006966525562769499,0.012066376226944137,0.0787752094446236,0.0033271788848433857
0.2755417956656347,-0.0069304647686119995,0.012003917099302068,0.07773088181735041,0.004349358420107795
0.2770897832817338,-0.006642001548391559,0.011504284145765334,0.07728126491543728,0.004058239330650568
0.2786377708978328,-0.006216497739856498,0.010767289930568547,0.07610649870311449,0.004475833158479969
0.2801857585139319,-0.005693445017558778,0.009861336040511683,0.07492057445170555,0.004577597070915676
0.281733746130031,-0.00508749892048311,0.008811806613728563,0.07398767917204804,0.004452284783217595
0.28328173374613,-0.004447818769156614,0.007703848091037724,0.07345080517633298,0.004088147505868409
0.2848297213622291,-0.003821716375426262,0.0066194069343562595,0.07329797593694999,0.003214784564615821
0.2863777089783282,-0.003193914078580798,0.005532021459111479,0.07324670556371661,0.0022446566412378673
0.28792569659442724,-0.0025364448026698083,0.004393251268818123,0.07295642647345038,0.0028843102390131723
0.2894736842105263,-0.001853359765011301,0.0032101132777034884,0.07233742025095843,0.004613125435701463
0.2910216718266254,-0.0011669388864816222,0.00202119744071402,0.07151712997836332,0.005940103820062281
0.29256965944272445,-0.000533175908340579,0.0009234877626175695,0.07083743508668447,0.006473609664540316
0.29411764705882354,-6.381594070104992e-05,0.00011053245162702109,0.07069874533831343,0.006760090954103523
0.29566563467492263,0.0,0.0,0.0712419977122942,0.007535975702668866
0.29721362229102166,-0.0001245158867180281,0.00015311524804853912,0.0722494798992402,0.008795872768688378
0.29876160990712075,-0.00099539838973225,0.0011333286366935567,0.073352988635814,0.009968147335413617
0.30030959752321984,-0.0022424845680289835,0.002382585499770988,0.07443920435499224,0.010622552525426607
0.30185758513931893,-0.004763084149027995,0.003857630847574764,0.07561681303451866,0.011001565339907413
0.30340557275541796,-0.006996333590028103,0.006163233575931534,0.0769025825444754,0.011472013026764434
0.30495356037151705,-0.008546246157568344,0.008544672180408235,0.07847979425094836,0.01201498345045369
0.30650154798761614,-0.009720296877874013,0.010081621924773755,0.08075475175229324,0.01245464856669722
0.3080495356037152,-0.010195510030163835,0.010732332095282916,0.0836497944578195,0.012825559035425156
0.30959752321981426,-0.010127200446110905,0.010599513293703131,0.08648205342181674,0.013196311937463068
0.31114551083591335,-0.00983897391139323,0.009998255991585377,0.08855799174785264,0.013169518597230399
0.3126934984520124,-0.009500746127409178,0.009527851881154138,0.08947564679588671,0.012296059193234466
0.3142414860681115,-0.009180278873745158,0.009979661917578833,0.08920981900685353,0.010700471568522711
0.31578947368421056,-0.00895161853051479,0.011444173916803222,0.08812779548216676,0.009008948867778295
0.3173374613003096,-0.009454837062760577,0.012818589310894331,0.08663351444949893,0.007791973212934964
0.3188854489164087,-0.010514243095684814,0.013583915639183632,0.08492530458889155,0.00700140996796529
0.3204334365325078,-0.011268771636904013,0.01355653328758596,0.08329329899531265,0.006094117705788588
0.3219814241486068,-0.011578332245497754,0.012703623165059403,0.0822441011296154,0.004641086081369749
0.3235294117647059,-0.011538887992042328,0.01157094228232797,0.08220720414736069,0.0030695572976912906
0.325077399380805,-0.011365519013021267,0.010916115571563299,0.08324681302648497,0.0032085880271029194
0.326625386996904,-0.011207204828821392,0.011156856314856807,0.08490337621730867,0.004840987436467181
0.3281733746130031,-0.011028734860164653,0.01209111457688922,0.0864134683033489,0.006035146223579584
0.3297213622291022,-0.01071232317405281,0.013220023939746363,0.08719524756955122,0.006122343391855736
0.33126934984520123,-0.010332044837566457,0.014050567329429484,0.08710201685563786,0.005167561579265609
0.3328173374613003,-0.0097629287065814,0.014497809594028542,0.08640256772789155,0.003895215304633986
0.3343653250773994,-0.00886415555699593,0.014686598646285081,0.08550675440396166,0.003568763886412646
0.33591331269349844,-0.008289929397745165,0.014358578908053489,0.0846433161870812,0.0044475802887296205
0.33746130030959753,-0.007881353364959782,0.013650904460514278,0.08380732285819242,0.005572107351053675
0.3390092879256966,-0.007356325673510653,0.01274152982354379,0.08289168935395985,0.006523273861087844
0.3405572755417957,-0.006688730128185113,0.011585220420133305,0.08182293215757334,0.007152536427057013
0.34210526315789475,-0.005860789678218683,0.01015118549515001,0.0805839640598482,0.007339997936730021
0.34365325077399383,-0.004905847743138415,0.008497177545312847,0.07930344623942465,0.007063341088304567
0.3452012383900929,-0.004239602935382885,0.006666258692386286,0.0783120140162795,0.006535325523608631
0.34674922600619196,-0.004015229150043702,0.005047360865652552,0.07792044744257817,0.006045583478242028
0.34829721362229105,-0.0037031917948699917,0.004038371189367667,0.07834095218612903,0.005405734256056234
0.34984520123839014,-0.003214985027837358,0.0033574105313828426,0.07968321950675906,0.0042201629113082
0.35139318885448917,-0.0025602882688513973,0.002764343023969898,0.08169887839758061,0.00274559170190056
0.35294117647058826,-0.0017949964411166212,0.00242044341226031,0.083785904223215,0.0022073201682478918
0.35448916408668735,-0.0014803963399473577,0.002406902498991862,0.08543089495230796,0.003316888319920769
0.3560371517027864,-0.002810083652449159,0.002818230641547219,0.08648142516602635,0.00501868869312067
0.35758513931888547,-0.004434189918535818,0.004689445697349537,0.08692472756915842,0.0066890463525777115
0.35913312693498456,-0.0059361880732653,0.006535285600893008,0.08659298423258474,0.007997567172567234
0.3606811145510836,-0.007164443612564121,0.007432002160029928,0.08539602823936472,0.008795831421643027
0.3622291021671827,-0.008693406590096089,0.006901195516111542,0.08368027628142309,0.009071747076133941
0.36377708978328177,-0.009553280385293106,0.006309215976092452,0.08203182031496753,0.008956071561571143
0.3653250773993808,-0.009824291735364473,0.006033729214819111,0.0809117635600222,0.008612701106126925
0.3668730650154799,-0.00965340823132398,0.00619700032683271,0.08060729513849688,0.008118538735557132
0.368421052631579,-0.009207398224687406,0.006725374733983895,0.08119395471473807,0.007617691583720185
0.369969040247678,-0.00871369062055036,0.007552831151921939,0.08258963024545407,0.0073704289787958266
0.3715170278637771,-0.00817719546537655,0.00824314264857521,0.08410512382281601,0.007393425531009288
0.3730650154798762,-0.008221789214187687,0.00841381582677636,0.08548164956728149,0.007648157551676064
0.3746130030959752,-0.008266211104307633,0.008423744531150096,0.08661301273979291,0.007800899224501586
0.3761609907120743,-0.00814934937232781,0.008292507160983937,0.08700583845286976,0.007488700721503371
0.3777089783281734,-0.007723404216583946,0.007832535259129416,0.08645566451054681,0.006633877257934849
0.3792569659442725,-0.00751694114030776,0.0074968364014189525,0.08541702375364056,0.005380043137896199
0.38080495356037153,-0.007627208178429758,0.007187381863513346,0.08472852238527331,0.004157993338346183
0.3823529411764706,-0.007758396019498813,0.0070992641575108465,0.08440824336233249,0.0036611995404359776
0.3839009287925697,-0.008004640399718516,0.007455563067874791,0.08478997363278787,0.004050043113758567
0.38544891640866874,-0.008791705474431524,0.008331738413442768,0.08556683408412608,0.004766927443197656
0.38699690402476783,-0.009398664318777068,0.008536757227102081,0.08590329973820032,0.005275646620312726
0.3885448916408669,-0.009885827286786077,0.008128088724022778,0.0857477419536785,0.005122349178505511
0.39009287925696595,-0.010543747378211591,0.007964577033513533,0.0848479249511429,0.004664866799712156
0.39164086687306504,-0.011444657767263356,0.008252099936399963,0.08332158073464363,0.00484283116200336
0.39318885448916413,-0.012400924051260982,0.008734926177766014,0.08277894178285823,0.005222193660706049
0.39473684210526316,-0.01315921788887692,0.009057895073225278,0.08309544676709185,0.005429437890778664
0.39628482972136225,-0.014980213712309348,0.010770952042693608,0.08413373857515083,0.004875264810990094
0.39783281733746134,-0.016363637452069875,0.011915065449292024,0.08522039028079363,0.003630459158972445
0.3993808049535604,-0.016963269254600715,0.012125676355880032,0.08532969320430647,0.0025445955210624785
0.40092879256965946,-0.018542103110805768,0.013600643033889534,0.08649907309977392,0.002038627112337417
0.40247678018575855,-0.019383169134996884,0.013824529366875522,0.08652141129316687,0.003489853409954155
0.4040247678018576,-0.020634797147585652,0.012991059631040686,0.0859493416863082,0.0053829290742040065
0.4055727554179567,-0.021441084949347888,0.012368707435715477,0.08472984537430084,0.007305620627563302
0.40712074303405577,-0.02176518258140275,0.011975874809970899,0.08313795259585889,0.009190081773904894
0.4086687306501548,-0.021804856294681277,0.012061450780490958,0.0813094846103133,0.010496090422193897
0.4102167182662539,-0.021430847152281118,0.012159406749810895,0.080286386105552,0.012017365331631237
0.411764705882353,-0.02071181860911244,0.012157744476630606,0.07974595413325139,0.012925332397487898
0.413312693498452,-0.01977524310391126,0.012197527238009574,0.07945999485794891,0.013003812159650378
0.4148606811145511,-0.019059864206624796,0.011927394414485933,0.07910081929182,0.012376557192539803
0.4164086687306502,-0.01860083130825664,0.011590046192256948,0.07840068780185586,0.011343608704841914
0.4179566563467493,-0.018371578650781217,0.011634938139065729,0.0773832053297666,0.010226752270758572
0.4195046439628483,-0.01925716805194037,0.013055337245045309,0.07539477862192806,0.008314018840126308
0.4210526315789474,-0.019186312958342777,0.01308464210291189,0.07528545934257515,0.009407212666633219
0.4226006191950465,-0.020325163470480263,0.014511369182342714,0.07469167365397626,0.010320909180796901
0.4241486068111455,-0.021809745539848224,0.016269013386139022,0.07430678602813469,0.011836605033771128
0.4256965944272446,-0.023427304561035926,0.01809428793685804,0.07367919466500283,0.01322871585379624
0.4272445820433437,-0.025123890099893416,0.019687437588875173,0.07265613561521193,0.013871587494917815
0.42879256965944273,-0.026988532086327965,0.02079983426913897,0.07147200933660071,0.013534469756107542
0.4303405572755418,-0.029033959240562804,0.021381883404190553,0.07029337216694058,0.012467457266955877
0.4318885448916409,-0.03112972275459082,0.02157856398516182,0.06904778972446642,0.011190646226135947
0.43343653250773995,-0.03300977025760768,0.020855360408427927,0.06738220311175079,0.010378673277072087
0.43498452012383904,-0.035406125111775294,0.020671584854295696,0.0666519337798426,0.010681342997409384
0.4365325077399381,-0.0372497533832,0.020190301426471893,0.06600409045957015,0.011886608856027877
0.43808049535603716,-0.03890668515504045,0.01987696072351517,0.06559825965781618,0.01346172611974377
0.43962848297213625,-0.04042724446925382,0.019819289521232356,0.065072469711572,0.014993023237377948
0.44117647058823534,-0.04176196657189893,0.020035309364670555,0.06426477294652702,0.01598932709655252
0.44272445820433437,-0.04280552116208251,0.020480629258761165,0.06322103152360957,0.016311514116065004
0.44427244582043346,-0.04361745687970639,0.021160459910053202,0.06217914233065332,0.016387990905007813
0.44582043343653255,-0.044479931520424607,0.022201786016397298,0.06142668054256388,0.01667294691104246
0.4473684210526316,-0.04574057046537999,0.02375191851422008,0.06109071666570841,0.017179747351213855
0.44891640866873067,-0.047539443250869756,0.025645995188085427,0.06103241193616396,0.01756149207948832
0.45046439628482976,-0.04978922600975002,0.027432103497313072,0.06089625947533549,0.017667699005282783
0.4520123839009288,-0.05220726221793642,0.02903068199968453,0.06038611123266398,0.017493144046896513
0.4535603715170279,-0.05479875850460046,0.03021101130331601,0.05953704298294486,0.016989140368313338
0.45510835913312697,-0.057460724217849646,0.031083787969426083,0.05861916054042151,0.016224358813328954
0.45665634674922606,-0.06005580434408207,0.03188276124005334,0.05790178086815956,0.015449828265699616
0.4582043343653251,-0.06244181132120363,0.03277642516597991,0.05748385570627232,0.015140017131581704
0.4597523219814242,-0.0643246495245874,0.034082485977887066,0.05692876619134603,0.015009676143384467
0.4613003095975233,-0.06622312332124805,0.03495351186571007,0.057185875725684863,0.016406458073816032
0.4628482972136223,-0.06788924872046995,0.03622237470544525,0.05701140356988531,0.01704252964792844
0.4643962848297214,-0.06984257180229526,0.03765543212504473,0.05686311560603567,0.01705418960850296
0.4659442724458205,-0.07233301321547367,0.0392852240347955,0.05695895908172678,0.016207069604360903
0.4674922600619195,-0.0751512865247579,0.04103771523272094,0.057120524679169324,0.014735753032682548
0.4690402476780186,-0.07769715736610501,0.04272765071835767,0.05694420552271863,0.013241154604835506
0.4705882352941177,-0.0794657013133723,0.04413258297352072,0.05617070854711935,0.01220065886319679
0.47213622291021673,-0.08027972354107807,0.04504414765032887,0.054599679012803964,0.011660487619204572
0.4736842105263158,-0.08034759702973403,0.04532987028776387,0.05222970244233345,0.011212688943542501
0.4752321981424149,-0.08017955667240631,0.04504720790631749,0.04958190590302628,0.01047168204161463
0.47678018575851394,-0.08030240473906526,0.04435309425769651,0.047372162274041556,0.009695230694325775
0.47832817337461303,-0.0811607209584228,0.043341704989288486,0.046122842879166764,0.009561295859702225
0.4798761609907121,-0.08303066715134526,0.042167533833167965,0.046035000443134605,0.010444533723016052
0.48142414860681115,-0.0859184017390067,0.04116314364947896,0.0467124552771387,0.01203825297637259
0.48297213622291024,-0.08955937082189755,0.04062346519634057,0.04747838378731383,0.013669823888200216
0.48452012383900933,-0.09343131548202721,0.04056472563875529,0.04796921393281969,0.014929645386264375
0.48606811145510836,-0.09693825640370252,0.04085304308299848,0.048166068262327555,0.015739212547733604
0.48761609907120745,-0.09969884386296482,0.04136456148708343,0.04821569073390699,0.01605986576170494
0.48916408668730654,-0.10181913036416823,0.04194033220480611,0.048370015966118216,0.015778346312437002
0.4907120743034056,-0.10368390908212959,0.04224290474500233,0.04883679613550866,0.014980209520316343
0.49226006191950467,-0.10549686900819188,0.041727781685254275,0.04954569535221378,0.014137854582889301
0.49380804953560375,-0.10721146596019185,0.04011058442204229,0.05019640963177408,0.013786313670160142
0.49535603715170284,-0.1087853264297722,0.03771514504436168,0.050428203187833864,0.014034029572117235
0.4969040247678019,-0.11027193310228679,0.035173499257924665,0.049906858685037,0.014421745854819703
0.49845201238390097,-0.11146897278350033,0.032982556888798295,0.04843906414412513,0.014557761773050197
0.5,-0.11210248299684819,0.031363089516721995,0.046166395320812334,0.01454121791981227
0.5015479876160991,-0.112261165814832,0.030465052582452867,0.043449370184372164,0.014696162196663093
0.5030959752321982,-0.11208831148085396,0.03040306487819425,0.04058477820232873,0.015225752309210588
0.5046439628482973,-0.11158910093353991,0.03115035250050642,0.037853935078472234,0.01584292347125851
0.5061919504643964,-0.1108129546625766,0.03248709173405652,0.03560806613890535,0.015914992965927723
0.5077399380804953,-0.10975067768459877,0.03382023100598922,0.034120291083285056,0.015033034456968056
0.5092879256965944,-0.10836921866559396,0.03441130879257998,0.03342781177778038,0.013402804512691865
0.5108359133126935,-0.10679032087696355,0.03387030844927994,0.03346167169770658,0.011624973071219694
0.5123839009287926,-0.10520738134486528,0.03214707027561998,0.03410171392713308,0.010296992539058244
0.5139318885448917,-0.10382254163563445,0.029389451757860122,0.03496127824853324,0.009897873563631313
0.5154798761609908,-0.10290801561301559,0.02607573748196562,0.03543011299893686,0.010375308204435899
0.5170278637770899,-0.10285797965527206,0.023033955322121692,0.03509099503744327,0.01111299388860172
0.5185758513931888,-0.10384590482402004,0.021004112318382295,0.0340773781325779,0.011658684083655085
0.5201238390092879,-0.1055295528802299,0.020198205118661817,0.03294918227247824,0.01201600386590036
0.521671826625387,-0.10732491572439821,0.02040959606158337,0.032095508566805486,0.012039058114568678
0.5232198142414861,-0.10880865007927484,0.02118929733785732,0.031537012476278825,0.011235827403963408
0.5247678018575852,-0.1098417218671548,0.021978796522692034,0.031258722925072785,0.009461717076230797
0.5263157894736843,-0.11048909257398973,0.022299176063836783,0.031226266114576774,0.007343955373536014
0.5278637770897833,-0.11101598846617773,0.02178443406874148,0.031432424890297836,0.005707842408172008
0.5294117647058824,-0.11179804127879958,0.020440007886010376,0.03183824671205862,0.004880502563491247
0.5309597523219814,-0.11298128176227334,0.018798897854654023,0.03211690867283549,0.005031454658700793
0.5325077399380805,-0.11428454671744082,0.01747329818439875,0.032013103649995926,0.006244855444047339
0.5340557275541796,-0.11533735368538994,0.0168321532169635,0.03173170042886561,0.007596217410576108
0.5356037151702787,-0.11606431064702172,0.016816600887457747,0.03165024152807479,0.008000295157184195
0.5371517027863777,-0.11658166649791021,0.016880130016414554,0.031772517388660645,0.007492307036024649
0.5386996904024768,-0.11702982467355733,0.01661196481219377,0.031857636644355695,0.006874464778219251
0.5402476780185759,-0.11766082588274515,0.016138539389613685,0.03193527315540589,0.006691890781852253
0.541795665634675,-0.11863547887745607,0.015704848090508244,0.0321197198354771,0.006864005953830936
0.543343653250774,-0.11972496400892238,0.015396254375958122,0.03227269725896928,0.007028846996205275
0.5448916408668731,-0.12058065505636928,0.01519745695445932,0.03212069073547684,0.007332965493036766
0.5464396284829721,-0.12095018451241873,0.015018436636241394,0.031478089877174854,0.008264800586321508
0.5479876160990712,-0.1207018830683739,0.014724829584140028,0.030418678198065395,0.009363090863500923
0.5495356037151703,-0.1199140663853448,0.014124648976119942,0.02912173471895689,0.009919367557200017
0.5510835913312694,-0.11875893719849832,0.01302186442181642,0.027699150922732736,0.009814254561661509
0.5526315789473685,-0.11766179447057304,0.011429996076732687,0.025766116869352283,0.009496653170995413
0.5541795665634676,-0.1172439533649395,0.009733432364039103,0.023610200787931617,0.009722563089825232
0.5557275541795667,-0.11661635837543002,0.008244241800570469,0.021359423810014287,0.010790795429936004
0.5572755417956656,-0.11575620510675019,0.007157287297797598,0.01894548450852026,0.012110366535044291
0.5588235294117647,-0.11455879072633644,0.006558246239095515,0.01768837682425522,0.011464984394069516
0.5603715170278638,-0.11326446856063549,0.006396827872220439,0.016627672421858385,0.010815346383089076
0.5619195046439629,-0.1121024583881521,0.006473468594999629,0.015888105972860347,0.010361604759384722
0.563467492260062,-0.111135751715353,0.006661104713358456,0.0154103033638901,0.010054276810883337
0.5650154798761611,-0.11037198466108303,0.0069926527392368855,0.015693493322689444,0.008836918736780068
0.56656346749226,-0.10976406100873978,0.007582072548323756,0.01665934932495177,0.0068066584662405715
0.5681114551083591,-0.10921781595206383,0.008468762843738127,0.017537770427142618,0.005398026774505092
0.5696594427244582,-0.10858761781224516,0.009509215857067575,0.018056738246233002,0.0053000289695564725
0.5712074303405573,-0.10769429304987557,0.01048937826649695,0.018153856550192318,0.006020717150635884
0.5727554179566564,-0.10655257987647915,0.011290408420090362,0.017925893254383943,0.0067152783034844345
0.5743034055727555,-0.10539409521877015,0.01184328659536511,0.017473275570246673,0.007134203407794774
0.5758513931888545,-0.10439796897403539,0.012091858412801786,0.016930580728638494,0.007493912353472814
0.5773993808049536,-0.10364131928107274,0.012060229503917767,0.01646123916140397,0.00807530838746034
0.5789473684210527,-0.10314919666243719,0.011781110134397811,0.01615540142624873,0.008747434106778038
0.5804953560371517,-0.10292301936794908,0.011265368714832724,0.01607788307294836,0.00937347438721324
0.5820433436532508,-0.10294512337073147,0.01062204534239473,0.016342159922961928,0.010078666548113397
0.5835913312693499,-0.10307593117838679,0.010040571741976381,0.016994868440461816,0.010987667293773054
0.5851393188854489,-0.10309506027766878,0.009682584612195184,0.018295275514021624,0.011481559225494965
0.586687306501548,-0.10291989196710541,0.009618343222016934,0.01969813963253749,0.011800186176219864
0.5882352941176471,-0.10274419663822666,0.009725852491720338,0.02065476897024747,0.012044401186833491
0.5897832817337462,-0.10284935452405897,0.009797132006950298,0.02085187678961664,0.012042531575123968
0.5913312693498453,-0.10328306986624353,0.009839045085495797,0.02019092412883055,0.011723236410952334
0.5928792569659443,-0.10378228265461385,0.00999132044074473,0.018789509172042848,0.011163489194570799
0.5944272445820433,-0.1040510691346303,0.010287829402447803,0.01699828873463218,0.010465237984924457
0.5959752321981424,-0.10408663191574288,0.01073543924595045,0.015856974129412112,0.00916942827859711
0.5975232198142415,-0.10400204498124929,0.011266054249792185,0.015509251275267049,0.008173295110240652
0.5990712074303406,-0.10381961099673426,0.011607943868149203,0.015718243427540003,0.007838575925010817
0.6006191950464397,-0.10365600917628312,0.011595838138494333,0.01618019799694709,0.008156850223474902
0.6021671826625388,-0.10376061944838644,0.011313764683496782,0.01693431076337615,0.008978235331651437
0.6037151702786379,-0.10428368214418639,0.010977737023392135,0.018004485824559942,0.010128433056388818
0.6052631578947368,-0.10520611829041587,0.010943052294625142,0.01908024600982482,0.011346443197148667
0.6068111455108359,-0.10646500350433769,0.01132833225043403,0.019829482650268866,0.012392685287989511
0.608359133126935,-0.10784590937917764,0.011655004295161564,0.020244922746282444,0.013169024735321047
0.6099071207430341,-0.10899406629092029,0.011327060755481526,0.020599157672470392,0.013671672846138442
0.6114551083591332,-0.10971494598068028,0.010225124210913006,0.02120970343051313,0.013748284171564432
0.6130030959752323,-0.11003057691008773,0.008625198999161124,0.022211697491729687,0.012982989863527054
0.6145510835913313,-0.11005037188194346,0.006984479260593685,0.023510937865953693,0.011131630650950306
0.6160990712074303,-0.10990839465237746,0.005747071994445976,0.024865251811151824,0.008450079842201324
0.6176470588235294,-0.10975643168023723,0.005134389148998723,0.02597411303491729,0.005949030109459342
0.6191950464396285,-0.10966009671526955,0.005236201638917288,0.026596025807938448,0.005145097710622206
0.6207430340557276,-0.10957290114752957,0.006073425366548938,0.02661474281972879,0.005692587895674398
0.6222910216718267,-0.1094004081176302,0.0073985730886801625,0.026019943731898726,0.006095513791464456
0.6238390092879257,-0.10902422228655095,0.00880908855150285,0.024970307933757912,0.006020938758494095
0.6253869969040248,-0.10843121874684605,0.010019403931036123,0.023881736360193626,0.005929576496755144
0.6269349845201239,-0.10774505227551429,0.011000140075433979,0.023029135298452994,0.006412424302706773
0.628482972136223,-0.10708978100602429,0.011937935368341016,0.022352059991265175,0.007811213545823929
0.630030959752322,-0.10649907668553697,0.012957611969053897,0.02175747552235527,0.009796265786181946
0.6315789473684211,-0.10597229536172985,0.013959529988076471,0.021141170314807327,0.011527281934639392
0.6331269349845201,-0.10554865714176079,0.014780275548019771,0.020415684900086745,0.012369407000510311
0.6346749226006192,-0.10520381313627057,0.015265516297500411,0.019504988631657005,0.012143330442505491
0.6362229102167183,-0.10477283543530759,0.015253914120124256,0.01825769228688992,0.010977986637441121
0.6377708978328174,-0.10410922336285022,0.014728187834837616,0.016673432217830915,0.009270240325127937
0.6393188854489165,-0.10323844489438119,0.013903484303218486,0.01504460284846141,0.007541675931023587
0.6408668730650156,-0.10231686336942697,0.013063677036971191,0.0137413040789904,0.006147349841400085
0.6424148606811146,-0.10148366663513926,0.012383673824641965,0.012950035226779013,0.005096519001818378
0.6439628482972136,-0.1007928163625236,0.01189282810896317,0.012543396173506593,0.004095381928347468
0.6455108359133127,-0.10027321326495936,0.011489897705634878,0.012268245919542675,0.003211526835972069
0.6470588235294118,-0.09994638740192938,0.010996642458137683,0.012053040698599348,0.003379110662052718
0.6486068111455109,-0.0998273380361628,0.010272902110253668,0.011936938154366705,0.004807345339600104
0.65015479876161,-0.0999329082825568,0.009395935854808538,0.011968276990661627,0.006715777652763736
0.6517027863777091,-0.10018424485872263,0.008605515957753856,0.012360438041214023,0.008320169210184837
0.653250773993808,-0.1004669653287277,0.008070245046954147,0.013290855410806122,0.009075883968029521
0.6547987616099071,-0.10086816145734386,0.007858579472113993,0.014656546871836918,0.008949305603635233
0.6563467492260062,-0.10154319480720442,0.007988992195746324,0.01620039170758743,0.008581131614288553
0.6578947368421053,-0.10242371646904994,0.008465434421451154,0.017599015874168053,0.008733994053279783
0.6594427244582044,-0.10336975831351801,0.009184915042993395,0.018742303120736784,0.009321276033244119
0.6609907120743035,-0.10440010422631864,0.009868020163464648,0.01979249225030761,0.010006970217462751
0.6625386996904025,-0.10559643123706977,0.010253927723920342,0.020807968433820326,0.010683804976263358
0.6640866873065016,-0.10701866475970653,0.010315066992243023,0.021798325687839716,0.011233456840720992
0.6656346749226006,-0.10860967273981856,0.010267840551241504,0.022779218093100684,0.011415009229191355
0.6671826625386997,-0.11003868193055857,0.010342746667440584,0.02347091741242751,0.011016161413553471
0.6687306501547988,-0.1109442795573139,0.010544098976135024,0.02349491916979297,0.010061561664187237
0.6702786377708979,-0.11120457123605743,0.010745694987499358,0.02268718323072421,0.008901057337750151
0.6718266253869969,-0.11093463907891615,0.010879505095474166,0.021092093402039134,0.007936402611481428
0.673374613003096,-0.11040030695579293,0.010986477487808491,0.019046448692346,0.007381975341979895
0.6749226006191951,-0.10980673907629208,0.011175714880704811,0.017181697058072296,0.007629902315065714
0.6764705882352942,-0.10924001849148544,0.011528469177061176,0.01603341365563502,0.008887755423416827
0.6780185758513932,-0.1086765426030924,0.011989868811116584,0.015593101059428786,0.010356207530278983
0.6795665634674923,-0.10796170078962053,0.012290150950364476,0.015389599227083512,0.011060830132928343
0.6811145510835914,-0.10704474849190206,0.01210382578388936,0.014850493079660704,0.010683552947439931
0.6826625386996904,-0.10613961609414949,0.011342812937517039,0.013615530560411086,0.009376670449118222
0.6842105263157895,-0.10547915549573582,0.010280648050348763,0.01164089263358117,0.00751087510490205
0.6857585139318886,-0.10511002575091061,0.009443263361260695,0.009097540743186873,0.0055297039177158724
0.6873065015479877,-0.10501021471806117,0.0092469358805893,0.006507934601326788,0.00397952758810029
0.6888544891640868,-0.10516613587298915,0.00951911102751163,0.004652083348930027,0.00327234693516962
0.6904024767801858,-0.10550850413565377,0.009808663628166335,0.0038681270264162727,0.003589369839584227
0.6919504643962848,-0.10594804950573405,0.00982475768134276,0.004250926336001634,0.004470103880061518
0.6934984520123839,-0.10639040222411486,0.009501981246131807,0.005057221829625664,0.005560687791504825
0.695046439628483,-0.10672781240420408,0.009024639563516953,0.005733533056558765,0.00640529170572971
0.6965944272445821,-0.10697426030047621,0.00862959797236174,0.0061046867887492445,0.0066807528724861015
0.6981424148606812,-0.10726808208232716,0.008420601715559362,0.006016417793117299,0.006419269108910448
0.6996904024767803,-0.10768496750723146,0.008395877505458277,0.005339715200502703,0.005794738524938799
0.7012383900928792,-0.10819836892808242,0.008539859379608142,0.004250617200783376,0.005312633621297458
0.7027863777089783,-0.10871372302733687,0.008840350599228965,0.003203669542141048,0.005548918417649217
0.7043343653250774,-0.1091206434266474,0.009266413135768368,0.003184408672390137,0.0055155576126426735
0.7058823529411765,-0.10937766378283356,0.00977324863359417,0.0031608162518274164,0.005474694341554508
0.7074303405572756,-0.10951341944799073,0.010307166034667173,0.0031992153111547704,0.005541203463272337
0.7089783281733747,-0.10952612518218285,0.010847719354036766,0.0032532457638592507,0.005634786952512444
0.7105263157894737,-0.10935526064246662,0.011361599093806407,0.0032894938337857324,0.00569757045130142
0.7120743034055728,-0.10898502979415972,0.011727326570662286,0.003418265437563607,0.005920609411616828
0.7136222910216719,-0.10847613796830077,0.011868461449619441,0.003739490367032673,0.006476987310114978
0.7151702786377709,-0.10798100672161001,0.011882928354223537,0.004138536410717379,0.00716815533233624
0.71671826625387,-0.1076216565092718,0.01190726937273987,0.004388908523798233,0.007601812552990658
0.7182662538699691,-0.10739230569488675,0.012008028174367323,0.004396918858734138,0.00761568686008529
0.7198142414860682,-0.10726830806567778,0.01213080948760176,0.004330296361917646,0.007207698615252185
0.7213622291021672,-0.10719173179186472,0.012120338695843128,0.004865560931253137,0.006337842615738931
0.7229102167182663,-0.10702202475533579,0.01195771422529705,0.004894991207306409,0.005582935816401614
0.7244582043343654,-0.10665990762678168,0.011769531944252181,0.004327832108869114,0.004654457274677778
0.7260061919504645,-0.10614689629538362,0.011640119428247806,0.003359215777306368,0.0035327321725349193
0.7275541795665635,-0.10554932673182972,0.011564740283271773,0.00234336382325817,0.0024185406684570643
0.7291021671826626,-0.10482676905612599,0.011518869223137957,0.0014149553055872641,0.001439543359525419
0.7306501547987616,-0.10391086544570068,0.01150606366806668,0.0005467428736165381,0.0006700490789794612
0.7321981424148607,-0.1027955746666161,0.011556425451607124,0.00025478030348130836,0.0004412924303974438
0.7337461300309598,-0.10158988806727506,0.011705242129848258,0.0002929758737576873,0.0005074490987401997
0.7352941176470589,-0.10056329933884045,0.011890665141992184,0.0003682729203753181,0.0006378674091418187
0.736842105263158,-0.09991927584086364,0.011985941232102476,0.0003447285776984991,0.0005970874113947558
0.738390092879257,-0.09961259958494714,0.011984307667879555,0.00021779475058157757,0.00037723157362908364
0.739938080495356,-0.09955941592498914,0.011999981692309628,7.959438311160369e-05,0.0001378615155463998
0.7414860681114551,-0.0998272773559582,0.01214995224082554,3.8965719902503696e-05,6.74906066246342e-05
0.7430340557275542,-0.10046884374818692,0.012486671682170623,9.38362160188241e-05,0.00016252909373461188
0.7445820433436533,-0.10131292724779704,0.013010235718283228,0.00016901439899802501,0.00029274152627529765
0.7461300309597524,-0.10208664925537066,0.01367527259898874,0.0002704091139727436,0.0003281490304846893
0.7476780185758515,-0.10259118723477187,0.014391364285527721,0.0016248842553450238,0.002517291571472883
0.7492260061919505,-0.10270276600590203,0.01508498585121778,0.003079971191851087,0.005334666590134552
0.7507739938080495,-0.10240015689141782,0.0157509709158844,0.004372464230601547,0.007573330201679438
0.7523219814241486,-0.10182015250063065,0.016356839329563926,0.0049588628225741985,0.008589002356462924
0.7538699690402477,-0.1011705378972311,0.016822046984467178,0.004827432370852276,0.008361358136418825
0.7554179566563468,-0.10058439393795111,0.017180643767470655,0.00420416474872647,0.007274678531912845
0.7569659442724459,-0.1001528966058512,0.017608789170941067,0.0040374152105312885,0.005436260299861567
0.758513931888545,-0.0999334784775412,0.018220818109636147,0.003964341629162404,0.004057820657333536
0.760061919504644,-0.09988878219912614,0.018956066723238935,0.0037075875288769982,0.004116843386004513
0.7616099071207431,-0.09998856843144792,0.0196578183729974,0.003039763108095457,0.004791737102487083
0.7631578947368421,-0.10019749370710997,0.02011875054144703,0.0025883902707764606,0.004483223458801793
0.7647058823529412,-0.10036542343494757,0.02009661311239327,0.0019076486763965057,0.0033041444305102674
0.7662538699690403,-0.10032825335909477,0.019458921042042887,0.001053704091577023,0.001825069022754613
0.7678018575851394,-0.09999970011864712,0.018313763583032733,0.00026519220312852933,0.000459326369589739
0.7693498452012384,-0.09936072658612198,0.016928601600138607,0.0,0.0
0.7708978328173375,-0.09842093220323224,0.01550690567658329,0.0,0.0
0.7724458204334366,-0.09723691521277464,0.01408523194215134,0.0,0.0
0.7739938080495357,-0.09598259945488233,0.012757255654167788,0.0,0.0
0.7755417956656347,-0.09482606279419017,0.011705562021226296,0.0,0.0
0.7770897832817338,-0.09375999132989381,0.010908008227600416,0.0,0.0
0.7786377708978328,-0.09267236706521806,0.010181346828057864,0.0,0.0
0.7801857585139319,-0.09147674669290498,0.009454217824444852,0.0,0.0
0.781733746130031,-0.09011012918182182,0.008830784879219206,0.0005543977042466947,0.0009602449913548192
0.7832817337461301,-0.08862561831597748,0.008399171154711907,0.0013973481842798278,0.0024202780510367804
0.7848297213622292,-0.08720473605206214,0.008001528422774908,0.0020996606429962675,0.0036367189123222734
0.7863777089783283,-0.08603137346684261,0.007308382043562447,0.0023126479060490107,0.004005623673294662
0.7879256965944272,-0.08524610732553371,0.006261526078679574,0.001889015096973099,0.003271870124222057
0.7894736842105263,-0.0848335236125558,0.005262644136980436,0.0010521889069872897,0.0018224446460623491
0.7910216718266254,-0.0846394628213353,0.004624610271116971,0.00019356329329487374,0.0003352614584670775
0.7925696594427245,-0.08453132264336209,0.00411814323509146,0.0,0.0
0.7941176470588236,-0.08438208373358749,0.0035330219247846667,0.0,0.0
0.7956656346749227,-0.08408348749529634,0.003191252649971659,0.00011794147689627502,0.00020428063030405923
0.7972136222910218,-0.0837143464455583,0.003725539678322296,0.0006862953629704298,0.0011886984376637088
0.7987616099071208,-0.08349724751668422,0.005167417088113607,0.0018954311201652126,0.002210322645547615
0.8003095975232198,-0.08361000792333444,0.006892765389327525,0.003561152558804628,0.0035074168818775733
0.8018575851393189,-0.08412315453576667,0.008329807171131758,0.004967013816688964,0.005065666556565139
0.803405572755418,-0.08495360391151183,0.009205056096392336,0.006254542460899062,0.00630942598433461
0.8049535603715171,-0.08586812107562139,0.009378820565983033,0.007191880450437234,0.00720266906831595
0.8065015479876162,-0.08660104556112218,0.008722802013653403,0.007424912162812694,0.007424946248828136
0.8080495356037152,-0.08695973736446616,0.0073872495802622664,0.0066794321967025404,0.006685863361821665
0.8095975232198143,-0.08686753120840948,0.005959428180042362,0.005217104964128916,0.00523555217097364
0.8111455108359134,-0.08637892864168745,0.005040972269728645,0.0035976595228971635,0.003645031792408436
0.8126934984520124,-0.08561707484313097,0.004714777218085302,0.0020345528636003312,0.002392587441029811
0.8142414860681115,-0.08464784447008084,0.0047429403302018175,0.0010745271042011068,0.0018611355385861742
0.8157894736842106,-0.08355850540904461,0.004938546125109541,0.000641210452008816,0.0011106090812234748
0.8173374613003096,-0.08261811820417117,0.0052559875376593625,0.00012935674857551788,0.00022405246083470997
0.8188854489164087,-0.08205808767007292,0.005855257139871777,0.0,0.0
0.8204334365325078,-0.08183769412145493,0.006860097306450227,0.0,0.0
0.8219814241486069,-0.08192972008718948,0.00818230152063579,0.0,0.0
0.823529411764706,-0.08256678452205832,0.009682432114757706,0.00012529347656412007,0.00021701466726599638
0.825077399380805,-0.0839782934331925,0.011124013537794233,0.0007736483456992397,0.0010109139965307926
0.826625386996904,-0.0860822505785882,0.012233668659608525,0.001754912916995281,0.0017834054253742337
0.8281733746130031,-0.0884408578448193,0.01287518163049786,0.0020147600095392886,0.0020799560532045367
0.8297213622291022,-0.09040098778280431,0.013086834121095275,0.001833231502442691,0.0021496261313022763
0.8312693498452013,-0.09142694672942217,0.013011164167480037,0.0016625595558444782,0.00236978970413455
0.8328173374613004,-0.09142376221271431,0.012816404111439026,0.001713890729088468,0.002451824235574039
0.8343653250773995,-0.09081216986985612,0.012669515128912068,0.0018382172880546416,0.0021641824255950446
0.8359133126934986,-0.09025828864358126,0.012657091958935425,0.002395846767772177,0.002576453975323033
0.8374613003095975,-0.09043272408126284,0.012547638783609115,0.0016644868554107955,0.0025881699632600876
0.8390092879256966,-0.09138046347070775,0.012514092292583354,0.001979484707922426,0.0034285680869272817
0.8405572755417957,-0.092855661124178,0.012655096135020215,0.0021591570406959202,0.0037397696960053957
0.8421052631578948,-0.09436698982174821,0.013340918497854454,0.002095335391012091,0.003629227356130142
0.8436532507739939,-0.09533189097525899,0.01471644851442145,0.0018588508925006001,0.0032196241895057934
0.845201238390093,-0.09539886149491912,0.016357105609107477,0.0014430359201590725,0.0024994115308624196
0.846749226006192,-0.09477558065174453,0.017741739962503236,0.0008508914923582841,0.0014737872964926532
0.848297213622291,-0.0938969517448521,0.018485469998945396,0.00017115110872334578,0.00029644241608057977
0.8498452012383901,-0.09311062256565193,0.018401184706904813,0.0,0.0
0.8513931888544892,-0.09262175761895239,0.017678744532938297,0.0,0.0
0.8529411764705883,-0.09236088888456925,0.016792402527150724,0.0,0.0
0.8544891640866874,-0.0921065958664614,0.0161318772820095,0.0,0.0
0.8560371517027864,-0.0917362219286608,0.015682643101377958,0.0,0.0
0.8575851393188855,-0.09134980736235676,0.01511253054150263,0.0,0.0
0.8591331269349846,-0.09116564920332226,0.014061651201434756,0.0,0.0
0.8606811145510836,-0.09122019061171821,0.012325655932962132,0.0,0.0
0.8622291021671827,-0.09140635106844366,0.010005914566884063,0.0,0.0
0.8637770897832818,-0.09164294626506815,0.007610095762376914,0.0,0.0
0.8653250773993808,-0.09180436993413048,0.005810157472207094,0.0,0.0
0.8668730650154799,-0.09174348108370242,0.004987072233610457,0.0,0.0
0.868421052631579,-0.0914102385924945,0.005130264094513855,0.0,0.0
0.8699690402476781,-0.09092566652364702,0.0059761395835091925,0.0,0.0
0.8715170278637772,-0.0905314002570044,0.007071203336247746,0.0,0.0
0.8730650154798762,-0.09047096466015019,0.00796143582214443,0.0,0.0
0.8746130030959753,-0.09087338420051817,0.008447567737845819,0.0,0.0
0.8761609907120743,-0.09169304295165212,0.008601008116710987,0.0,0.0
0.8777089783281734,-0.09280698097851628,0.008497013972883322,0.0,0.0
0.8792569659442725,-0.09405174233798644,0.00825355391725925,0.0,0.0
0.8808049535603716,-0.09519700708768863,0.008042028841422836,0.0,0.0
0.8823529411764707,-0.096042104752983,0.007946673575889998,0.0,0.0
0.8839009287925698,-0.09651686929213268,0.008059553347801994,0.0,0.0
0.8854489164086687,-0.09666903535806382,0.008310782952123522,0.0,0.0
0.8869969040247678,-0.09665705433005359,0.008390892823309272,0.0,0.0
0.8885448916408669,-0.0967321566932802,0.00818411304718823,0.0,0.0
0.890092879256966,-0.09714037602452039,0.007697817591571495,0.0,0.0
0.8916408668730651,-0.097953415031999,0.006939245971968546,0.0,0.0
0.8931888544891642,-0.09900300118518743,0.006215092023797021,0.0,0.0
0.8947368421052632,-0.10004884771467208,0.005833749739530512,0.0,0.0
0.8962848297213623,-0.10088124920600289,0.005817266713007029,0.0,0.0
0.8978328173374613,-0.10144521925012161,0.0061328455372328195,0.0,0.0
0.8993808049535604,-0.10184458518395231,0.006660983419149529,0.0,0.0
0.9009287925696595,-0.10208601553462984,0.007217892002054012,0.0,0.0
0.9024767801857586,-0.10247936463115682,0.00781802507005171,0.0,0.0
0.9040247678018576,-0.10175530851085884,0.008130294587934515,0.0,0.0
0.9055727554179567,-0.10137656209158886,0.008095688726698837,0.0,0.0
0.9071207430340558,-0.10027417412433587,0.007590671677256457,0.0,0.0
0.9086687306501549,-0.09857793041792251,0.00651195916563428,0.0,0.0
0.9102167182662539,-0.09689904341758383,0.005022626512866054,0.0,0.0
0.911764705882353,-0.09481107409294101,0.003664617980170933,0.0,0.0
0.9133126934984521,-0.09264984897340775,0.0032726473265407108,0.0,0.0
0.9148606811145511,-0.09062063088061105,0.004096747940303195,0.0,0.0
0.9164086687306502,-0.08889356026406033,0.00530696425020391,0.0,0.0
0.9179566563467493,-0.08770474831231942,0.006522510325822499,0.0,0.0
0.9195046439628484,-0.08707830528966409,0.00743429668406888,0.0,0.0
0.9210526315789475,-0.08694635377785795,0.00768902704873025,0.0,0.0
0.9226006191950465,-0.08738966937656818,0.007400124234534568,0.0,0.0
0.9241486068111455,-0.08827355603300423,0.006805746051899487,0.0,0.0
0.9256965944272446,-0.08907320673704541,0.005667908067907512,0.0,0.0
0.9272445820433437,-0.09007850453417468,0.004360460687900049,0.0,0.0
0.9287925696594428,-0.09119633751572048,0.0030256519567243823,0.0,0.0
0.9303405572755419,-0.0920202814572749,0.0017505712719319156,0.0,0.0
0.931888544891641,-0.09339022736702059,0.001572324263237321,0.0,0.0
0.93343653250774,-0.093897353190128,0.0011077142892780597,0.0,0.0
0.934984520123839,-0.0949759491484506,0.0024601561864216522,0.0,0.0
0.9365325077399381,-0.09690505415688866,0.005798450207479986,0.0,0.0
0.9380804953560372,-0.09711412493832224,0.006460230063030001,0.0,0.0
0.9396284829721363,-0.09683896217205272,0.0067347654053763134,0.0,0.0
0.9411764705882354,-0.09530055036949622,0.0057701406661721496,0.0,0.0
0.9427244582043344,-0.09361726288189133,0.005779617879396014,0.0,0.0
0.9442724458204335,-0.09262753779566617,0.007204988356304649,0.0,0.0
0.9458204334365325,-0.09089390604017279,0.007581698216786562,0.0,0.0
0.9473684210526316,-0.0896892924118047,0.007789324734243124,0.0,0.0
0.9489164086687307,-0.08908665432155448,0.007652382859018688,0.0,0.0
0.9504643962848298,-0.08920289758856358,0.007070850227030143,0.0,0.0
0.9520123839009289,-0.09025720029831777,0.006261179469771999,0.0,0.0
0.9535603715170279,-0.0921817969742177,0.0059534985162984725,0.0,0.0
0.955108359133127,-0.0945357124117176,0.006825313151474489,0.0,0.0
0.9566563467492261,-0.09669364202611457,0.008646232595204638,0.0,0.0
0.9582043343653251,-0.09829098691116073,0.010623082638174686,0.0,0.0
0.9597523219814242,-0.09928658465846008,0.012125049154835579,0.0,0.0
0.9613003095975233,-0.09956168723709721,0.012797312290963097,0.0,0.0
0.9628482972136223,-0.09912115578687733,0.012752280616517673,0.0,0.0
0.9643962848297214,-0.09840542339568308,0.012457205876821415,0.0,0.0
0.9659442724458205,-0.09800784774395123,0.012255410122603089,0.0,0.0
0.9674922600619196,-0.09815227596458576,0.012218417538037407,0.0,0.0
0.9690402476780187,-0.09863340165075721,0.012303524171383999,0.0,0.0
0.9705882352941178,-0.09913927113240309,0.012393180528282274,0.0,0.0
0.9721362229102167,-0.09939885386688828,0.01238909776488263,0.0,0.0
0.9736842105263158,-0.09947192983252166,0.012239014953303477,0.0,0.0
0.9752321981424149,-0.09990703575823187,0.011891315599348497,0.0,0.0
0.976780185758514,-0.10114562677487765,0.0114540529565066,0.0,0.0
0.9783281733746131,-0.10298983837168274,0.011154358540710589,0.0,0.0
0.9798761609907122,-0.10491294046050903,0.011100270201642608,0.0,0.0
0.9814241486068112,-0.10659784828677035,0.011194812421808663,0.0,0.0
0.9829721362229102,-0.10803922026802348,0.011343789876720972,0.0,0.0
0.9845201238390093,-0.10940588800564408,0.011672448742811236,0.0,0.0
0.9860681114551084,-0.11087730653657041,0.012208948757232534,0.0,0.0
0.9876160990712075,-0.1123118388773103,0.012709967242300448,0.0,0.0
0.9891640866873066,-0.11310301657618622,0.012866288371741252,0.0,0.0
0.9907120743034057,-0.1127180835521905,0.012562195212376854,0.0,0.0
0.9922600619195047,-0.11120003703248908,0.011904716393962034,0.0,0.0
0.9938080495356038,-0.1090288078736324,0.01098142059785516,0.0,0.0
0.9953560371517028,-0.1067995528589321,0.009906014698901898,0.0005358887222243856,0.0009281864940958008
0.9969040247678019,-0.10487293631542743,0.00888356137228634,0.000766542845650785,0.0013276911548455873
0.998452012383901,-0.10323235802786725,0.008039915173795154,0.0003023113324848302,0.0005236185875675735
1.0,-0.10176312573357855,0.007369478113646799,0.0,0.0
